method,n_events,repeats,time_mean_s,time_std_s,events_per_s,us_per_event,os,python,cpu,tf,gpu
GAN (generator_model.h5),50000,5,0.19412979880016792,0.012496971774498634,257559.63437364233,3.8825959760033584,Linux-6.6.87.2-microsoft-standard-WSL2-x86_64-with-glibc2.39,3.11.14,x86_64,2.20.0,none
PYTHIA8,50000,5,248.54290796979984,12.721265786933838,201.17250742908118,4970.858159395997,Linux-6.6.87.2-microsoft-standard-WSL2-x86_64-with-glibc2.39,3.11.14,x86_64,2.20.0,none
